http://www.theguardian.com/world/rss ,1
http://economictimes.indiatimes.com/rssfeedstopstories.cms,1
http://www.wsnewspublishers.com/feed/,1
http://www.seattletimes.com/feed/,1
http://www.ipe.com/mlServers/navsectionRSS.asp?navsectioncode=582,1
http://feeds.feedburner.com/NdtvNews-TopStories,1
http://feeds.feedburner.com/typepad/RyNm,1
http://www.cnbc.com/id/100003114/device/rss/rss.html,1
http://www.itp.net/rss/?tid=2,1
http://feeds.eaminer.ie/ietopstories,1
http://www.channelweb.co.uk/feeds/rss,1
http://feeds.reuters.com/reuters/topNews,1
http://feeds.feedburner.com/daily-epress-news-showbiz,1
http://www.rawstory.com/feed/,1
http://www.japantimes.co.jp/feed/topstories/,1
http://www.newsnation.in/newsnation-rss/64,1
http://www.newsnation.in/newsnation-rss/65,1
http://www.businessinsider.in/rss_section_feeds/2147477994.cms,1
http://www.dailymail.co.uk/articles.rss,1
http://www.voanews.com/api/epiqq,1
http://www.businesscloudnews.com/feed/,1
http://www.globalcapital.com/rss.ml#,1
http://www.dailytech.com/rss.asp,1
http://bbj.hu/site/assets/rss/rss.php,1
http://www.financialepress.com/feed/,1
http://yonhapnews.feedsportal.com/c/35025/f/647118/inde.rss,1
http://feeds.feedburner.com/CarsBikesF1,1
http://www.ibtimes.co.uk/rss/feed,1
http://www.koreatimes.co.kr/www/rss/rss.ml,1
http://reg-cms1a.gethampshire.co.uk:8080/gethampshire/news/?service=rss,1
http://sleekmoney.com/feed/,1
http://www.prnewswire.com/rss/all-news-releases-from-PR-newswire-news.rss,1
http://rssfeeds.usatoday.com/usatoday-NewsTopStories,1
http://recode.net/feed/,1
http://www.eweek.com/rss.ml,1
http://www.networkworld.com/category/cloud-computing/inde.rss,1
http://www.networkworld.com/category/data-center/inde.rss,1
http://www.bidnessetc.com/businessnewsfeed/,1
http://www.livemint.com/rss/homepage,1
http://feeds.feedburner.com/JewishBusinessNews,1
http://globenewswire.com/Rss/orgclass/1,1
http://globenewswire.com/Rss/subjectcode/12/Dividend%20Reports%20And%20Estimates,1
http://globenewswire.com/Rss/subjectcode/13/Earnings%20Releases%20And%20Operating%20Results,1
http://globenewswire.com/Rss/subjectcode/27/Mergers%20And%20Acquisitions,1
http://enterpriseinnovation.net/top-listing/news/rss.ml,1
http://www.morningstar.co.uk/uk/news/rss.asp?lang=en-GB,1
http://www.financialdirector.co.uk/feeds/rss/macontentwords/75,1
http://www.4-traders.com/rss/FeedNews.php,1
http://www.bnamericas.com/Feed/content/en,1
http://www.cnet.com/rss/news/,1
http://feeds.feedburner.com/medianama,1
http://feeds.feedburner.com/TechCrunch/,1
http://www.etremetech.com/feed,1
http://zdnet.com.feedsportal.com/c/35462/f/675633/inde.rss,1
http://www.winbeta.org/feed,1
http://www.geek.com/feed/,1
http://www.itweb.co.za/inde.php?option=com_rd_rss&id=1,1
http://feeds.adweek.com/adweek/all-news,1
http://feeds.feedburner.com/Mumbrella,1
http://www.dakotafinancialnews.com/feed/,1
http://www.campaignlive.co.uk/rss/home,1
http://www.v3.co.uk/feeds/rss/type/news,1
http://www.computerworld.com/news/inde.rss,1
http://feeds.feedburner.com/scmagazinenews,1
http://www.ejinsight.com/feed/,1
http://feeds.feedburner.com/memeburn ,1
http://feeds.feedburner.com/Lateste4mNews,1
http://economia.icaew.com/rsslisting/economianews,1
http://www.ft.com/rss/home/us,1
http://www.cbronline.com/rss-feeds,1
http://www.cbc.ca/cmlink/rss-topstories,1
http://feeds.feedburner.com/VWTwitterFeed,1
http://www.thehindu.com/news/?service=rss,1
http://www.bgr.in/feed/,1
http://www.proactiveinvestors.com/rss/newswires,1
http://www.janes.com/rss,1
http://topclassactions.com/feed/,1
http://feeds.feedburner.com/ITbriefing,1
http://www.darkreading.com/rss_simple.asp,1
http://www.iol.co.za/cmlink/1.640,1
http://www.novinite.com/services/news_rdf.php,1
http://www.efytimes.com/rss/rss.ml,1
http://www.theverge.com/rss/frontpage,1
http://gamepolitics.com/feed/,1
http://www.business-standard.com/rss/home_page_top_stories.rss,1
http://www.gsmarena.com/rss-news-reviews.php3,1
http://dynamic.feedsportal.com/pf/555218/http://toi.timesofindia.indiatimes.com/rssfeedstopstories.cms,1
http://www.baltimoresun.com/business/consuming-interests-blog/rss2.0.ml,1
http://www.fiercecmo.com/feed,1
http://www.propertyweek.com/mlServers/navsectionRSS.asp?navsectioncode=3490,1
http://economictimes.indiatimes.com/rssfeedsdefault.cms,1
http://www.just-auto.com/alerts/rssarticle.asp,1
http://www.irna.ir//en/rss.asp?kind=-1,1
http://www.franchiseherald.com/rss/archives/archives.ml,1
http://www.newstimes.com/RSS/feed/Breaking-news-from-newstimes-com-249.php,1
http://www.friedlnews.com/rss/,1
http://www.rttnews.com/RSS/Todaystop.ml,1
http://rss.shanghaidaily.com/Portal/mainSite/Handler.ash?i=7,1
http://rss.shanghaidaily.com/Portal/mainSite/Handler.ash?i=3,1
http://www.worldbulletin.net/servisler/rss/haberler,1
http://www.business-standard.com/rss/companies-101.rss,1
http://www.business-standard.com/rss/economy-policy-102.rss,1
http://www.business-standard.com/rss/finance-103.rss,1
http://www.world-nuclear-news.org/rss.asp?fid=790,1
http://rss.cnn.com/rss/money_latest.rss,1
http://mtstandard.com/search/?f=rss&t=article&c=news&l=25&s=start_time&sd=desc,1
http://www.cnbc.com/id/100003114/device/rss/rss.html,1
https://www.rt.com/rss/,1
http://www.wsws.org/en/rss.ml,1
http://www.postandcourier.com/apps/pbcs.dll/section?Category=PC16&template=rss&mime=ML,1
http://www.networkworld.com/category/security/inde.rss,1
http://www.wired.com/category/photo/feed/,1
http://www.wired.com/category/threatlevel/feed/,1
http://sputniknews.com/eport/rss2/archive/inde.ml,1
http://en.trend.az/feeds/inde.rss,1
http://www.fonews.com/about/rss/?intcmp=hpft,1
http://www.voanews.com/api/epiqq,1
http://www.ft.com/rss/home/india,1
http://www.economicvoice.com/feed/,1
http://www.dailymail.co.uk/articles.rss,1
http://www.dailymail.co.uk/news/inde.rss ,1
http://feeds.abcnews.com/abcnews/topstories,1
http://praguepost.com/?format=feed&type=rss,1
http://theconversation.com/au/articles.atom,1
http://praguemonitor.com/rss/1+11+12+13+14+19+143/feed,1
http://www.radio.cz/feeds/rss/en/en.ml,1
http://www.channelnewsasia.com/starterkit/servlet/cna/rss/world.ml,1
http://cs.gulf-times.com/GulfTimesNewsWebsite/rss.asp?PortalName=GulfTimes&ListName=TopNewsList,1
http://www.brecorder.com/rss/?feed_id=3&format=raw,1
http://www.brecorder.com/rss/?feed_id=1&format=raw,1
http://www.ttjonline.com/feeds/news-feed.ml,1
http://www.france24.com/en/timeline/rss,1
http://www.euractiv.com/rss.ml,1
http://www.freshplaza.com/rss.ml,1
http://www.thelocal.fr/feeds/rss.php,1
http://thinkprogress.org/feed/,1
http://www.rechargenews.com/rss/,1
http://feeds.news24.com/articles/news24/TopStories/rss,1
http://feeds.news24.com/articles/news24/World/rss,1
http://www.techtimes.com/rss/archives/mostpopular.ml,1
http://feeds.feedburner.com/breitbart?format=ml,1
http://www.globalmeatnews.com/feed/view/583698,1
http://feeds.feedburner.com/ta-news?format=ml,1
http://feeds.feedburner.com/euronews/en/home?format=ml,1
http://www.ml.com/pub/a/2002/12/18/dive-into-ml.html,1
http://www.cbronline.com/blogs/ambrose-mcnevins-blog/rss,1
http://www.cbronline.com/verticals/public-sector/rss,1
http://uatoday.tv/rss,1
http://www.theaustralian.com.au/help/rss,1
http://www.albawaba.com/rss/news,1
http://www.todayszaman.com/5.rss,1
http://zdnet.com.feedsportal.com/c/35462/f/675633/inde.rss,1
http://www.huffingtonpost.in/feeds/verticals/india/inde.ml,1
http://www.dutchnews.nl/feed/?news,1
http://www.canberratimes.com.au/rssheadlines/top.ml,1
http://www.radiomagonline.com/rss,1
http://feeds.feedburner.com/ArsTechnicaUk,1
http://saskatoon.ctvnews.ca/rss/ctv-news-saskatoon-1.822375,1
http://www.dailystar.com.lb/RSS.asp?live=1,1
http://www.thestar.com/feeds.articles.news.rss,1
http://feeds.feedburner.com/daily-epress-news-showbiz?format=ml,1
http://ep00.epimg.net/rss/elpais/portada.ml,1
http://www.euroweeklynews.com/3.0.15/inde.php/euro-weekly-news?format=feed,1
http://www.weyburnreview.com/site-map,1
http://www.hospitalitynet.org/news/global.ml,1
http://ml.fstreet.com/news/fore-news/inde.ml,1
http://www.hellenicshippingnews.com/tag/top-stories/feed/,1
http://www.jewishpress.com/feed/,1
http://www.thenational.ae/section/rss/1004,1
http://countingpips.com/feed/,1
http://www.portfolio.hu/en/rss/cikkek/all.ml,1
http://hungarytoday.hu/feed,1
http://bbj.hu/site/assets/rss/rss.php,1
http://www.swissinfo.ch/service/eng/rssml/top-news/rss,1
http://www.romania-insider.com/feed/atom/,1
http://feeds.news.com.au/public/rss/2.0/news_theworld_3356.ml,1
http://www.bworldonline.com/RSS/top.rss,1
http://www.bloomberg.com/feed/podcast/etf-report.ml,1
http://www.bloomberg.com/feed/podcast/law.ml,1
http://www.streetinsider.com/Special+Reports,1
http://www.rttnews.com/RSS/Todaystop.ml,1
http://qz.com/feed/,1
http://feeds.bizjournals.com/bizj_sanjose,1
http://feeds.fonews.com/fonews/latest,1
https://in.news.yahoo.com/rss/us,1
https://in.news.yahoo.com/rss/india,1
http://feeds.marketwatch.com/marketwatch/topstories?format=ml,1
http://www.wsj.com/ml/rss/3_7085.ml,1
http://ir.moodys.com/rss/prfeed.asp?iid=108462,1
http://feeds.bizjournals.com/bizj_albuquerque,1
http://www.autonews.com/section/syndication,1
http://feeds.news.com.au/public/rss/2.0/news_theworld_3356.ml,1
http://newsroom.businesswire.com/press_releases,1
http://www.chinadaily.com.cn/rss/bizchina_rss.ml,1
http://www.heraldandnews.com/site/rss/,1
http://www.forbes.com/most-popular/feed/,1
http://www.crn.com/rss/crn-feed.rss,1
http://rss.nytimes.com/services/ml/rss/nyt/HomePage.ml,1
http://www.ft.com/rss/home/uk,1
http://www.pcworld.com/about/RSS.html,1
http://news.nationalpost.com/feed/,1
http://9to5mac.com/tag/rss/,1
http://www.independent.co.uk/news/rss,1
http://feeds.feedburner.com/telecompaper/uLYl,1
http://www.winnipegfreepress.com/rss/?path=%2Fbreakingnews,1
http://www.tampabay.com/feeds/rss.page?collatedTag=news&section=staffArticle&feedType=rss,1
http://www.korea.net/koreanet/rss/newsfocus/business,1
http://searchsecurity.techtarget.in/rss,1
http://feeds.feedblitz.com/NewsRSS-NationalLawJournal,1
http://www.deccanchronicle.com/rss/world/rss.ml,1
http://feeds.feedburner.com/broadbandtvnews,1
http://feeds.boston.com/boston/topstories,1
http://feeds.bizjournals.com/bizj_tampabay,1
http://www.wbrc.com/category/162901/ap-news-center?clienttype=rss,1
http://www.livemint.com/rss/homepage,1
http://feeds.feedburner.com/tarss,1
http://www.networkworld.com/category/security/inde.rss,1
http://www.businessspectator.com.au/keyword/rss,1
http://www.telegraph.co.uk/rssfeeds/,1
http://feeds.feedburner.com/TheGlobeAndMail-Front,1
http://www.handelsblatt.com/contenteport/feed/schlagzeilen,1
http://peninsulahealth.org.au/category/news/feed/,1
http://europa.eu/rapid/search-result.htm?dateRange=1d&size=50&language=EN&format=RSS,1
https://in.news.yahoo.com/rss/national,1
http://www.forbes.com/most-popular/feed/,1
http://feeds.marketwatch.com/marketwatch/topstories?format=ml,1
http://www.usnews.com/rss/news,1
http://rss.nytimes.com/services/ml/rss/nyt/World.ml,1
http://www.scmp.com/rss/91/feed,1
http://feeds.feedburner.com/TheGlobeAndMail-Front,1
http://economictimes.indiatimes.com/News/rssfeeds/1715249553.cms,1
http://feeds.feedburner.com/morningstar/glkd,1
http://www.independent.co.uk/news/world/rss,1
http://www.cityam.com/feeds/adobe-most-read.ml,1
http://www.thestar.com.my/RSS/News/Nation/,1
https://www.irishtimes.com/cmlink/news-1.1319192,1
http://economictimes.indiatimes.com/rssfeedstopstories.cms,1
http://www.conneionfrance.com/news.ml,1
http://www.dailysabah.com/rss/homepage,1
http://feeds.feedburner.com/SlateAudioBookClub,1
http://feeds.feedburner.com/dailycaller?format=ml,1
http://www.epatica.com/module/system/action/rss?type=1&ctr=47&ch=166&tag=89,1
http://rss.dw.com/rdf/rss-en-all,1
http://www.newsweek.com/rss,1
http://www.businessspectator.com.au/keyword/rss,1
http://www.basnews.com/en/feed/,1
http://dnaresearch.ofordjournals.org/rss/current.ml,1
http://feeds.feedburner.com/ClimateHome?format=ml,1
http://feeds.feedburner.com/oilpricecom?format=ml,1
http://www.typicallyspanish.com/news-spain/inde.ml,1
http://www.ft.com/rss/home/india,1
http://www.digitaljournal.com/rss/?feed=top_news,1
http://www.thinkadvisor.com/?f=rss,1
