http://www.theguardian.com/world/rss ,1
http://economictimes.indiatimes.com/rssfeedstopstories.cms,
http://www.wsnewspublishers.com/feed/,
http://www.seattletimes.com/feed/,
http://www.ipe.com/mlServers/navsectionRSS.asp?navsectioncode=582,
http://feeds.feedburner.com/NdtvNews-TopStories,
http://feeds.feedburner.com/typepad/RyNm,
http://www.cnbc.com/id/100003114/device/rss/rss.html,
http://www.itp.net/rss/?tid=2,
http://feeds.eaminer.ie/ietopstories,
http://www.channelweb.co.uk/feeds/rss,
http://feeds.reuters.com/reuters/topNews,
http://feeds.feedburner.com/daily-epress-news-showbiz,
http://www.rawstory.com/feed/,
http://www.japantimes.co.jp/feed/topstories/,
http://www.newsnation.in/newsnation-rss/64,
http://www.newsnation.in/newsnation-rss/65,
http://www.businessinsider.in/rss_section_feeds/2147477994.cms,
http://www.dailymail.co.uk/articles.rss,
http://www.voanews.com/api/epiqq,
http://www.businesscloudnews.com/feed/,
http://www.globalcapital.com/rss.ml#,
http://www.dailytech.com/rss.asp,
http://bbj.hu/site/assets/rss/rss.php,
http://www.financialepress.com/feed/,
http://yonhapnews.feedsportal.com/c/35025/f/647118/inde.rss,
http://feeds.feedburner.com/CarsBikesF1,
http://www.ibtimes.co.uk/rss/feed,
http://www.koreatimes.co.kr/www/rss/rss.ml,
http://reg-cms1a.gethampshire.co.uk:8080/gethampshire/news/?service=rss,
http://sleekmoney.com/feed/,
http://www.prnewswire.com/rss/all-news-releases-from-PR-newswire-news.rss,
http://rssfeeds.usatoday.com/usatoday-NewsTopStories,
http://recode.net/feed/,
http://www.eweek.com/rss.ml,
http://www.networkworld.com/category/cloud-computing/inde.rss,
http://www.networkworld.com/category/data-center/inde.rss,
http://www.bidnessetc.com/businessnewsfeed/,
http://www.livemint.com/rss/homepage,
http://feeds.feedburner.com/JewishBusinessNews,
http://globenewswire.com/Rss/orgclass/1,
http://globenewswire.com/Rss/subjectcode/12/Dividend%20Reports%20And%20Estimates,
http://globenewswire.com/Rss/subjectcode/13/Earnings%20Releases%20And%20Operating%20Results,
http://globenewswire.com/Rss/subjectcode/27/Mergers%20And%20Acquisitions,
http://enterpriseinnovation.net/top-listing/news/rss.ml,
http://www.morningstar.co.uk/uk/news/rss.asp?lang=en-GB,
http://www.financialdirector.co.uk/feeds/rss/macontentwords/75,
http://www.4-traders.com/rss/FeedNews.php,
http://www.bnamericas.com/Feed/content/en,
http://www.cnet.com/rss/news/,
http://feeds.feedburner.com/medianama,
http://feeds.feedburner.com/TechCrunch/,
http://www.etremetech.com/feed,
http://zdnet.com.feedsportal.com/c/35462/f/675633/inde.rss,
http://www.winbeta.org/feed,
http://www.geek.com/feed/,
http://www.itweb.co.za/inde.php?option=com_rd_rss&id=1,
http://feeds.adweek.com/adweek/all-news,
http://feeds.feedburner.com/Mumbrella,
http://www.dakotafinancialnews.com/feed/,
http://www.campaignlive.co.uk/rss/home,
http://www.v3.co.uk/feeds/rss/type/news,
http://www.computerworld.com/news/inde.rss,
http://feeds.feedburner.com/scmagazinenews,
http://www.ejinsight.com/feed/,
http://feeds.feedburner.com/memeburn ,
http://feeds.feedburner.com/Lateste4mNews,
http://economia.icaew.com/rsslisting/economianews,
http://www.ft.com/rss/home/us,
http://www.cbronline.com/rss-feeds,
http://www.cbc.ca/cmlink/rss-topstories,
http://feeds.feedburner.com/VWTwitterFeed,
http://www.thehindu.com/news/?service=rss,
http://www.bgr.in/feed/,
http://www.proactiveinvestors.com/rss/newswires,
http://www.janes.com/rss,
http://topclassactions.com/feed/,
http://feeds.feedburner.com/ITbriefing,
http://www.darkreading.com/rss_simple.asp,
http://www.iol.co.za/cmlink/1.640,
http://www.novinite.com/services/news_rdf.php,
http://www.efytimes.com/rss/rss.ml,
http://www.theverge.com/rss/frontpage,
http://gamepolitics.com/feed/,
http://www.business-standard.com/rss/home_page_top_stories.rss,
http://www.gsmarena.com/rss-news-reviews.php3,
http://dynamic.feedsportal.com/pf/555218/http://toi.timesofindia.indiatimes.com/rssfeedstopstories.cms,
http://www.baltimoresun.com/business/consuming-interests-blog/rss2.0.ml,
http://www.fiercecmo.com/feed,
http://www.propertyweek.com/mlServers/navsectionRSS.asp?navsectioncode=3490,
http://economictimes.indiatimes.com/rssfeedsdefault.cms,
http://www.just-auto.com/alerts/rssarticle.asp,
http://www.irna.ir//en/rss.asp?kind=-1,
http://www.franchiseherald.com/rss/archives/archives.ml,
http://www.newstimes.com/RSS/feed/Breaking-news-from-newstimes-com-249.php,
http://www.friedlnews.com/rss/,
http://www.rttnews.com/RSS/Todaystop.ml,
http://rss.shanghaidaily.com/Portal/mainSite/Handler.ash?i=7,
http://rss.shanghaidaily.com/Portal/mainSite/Handler.ash?i=3,
http://www.worldbulletin.net/servisler/rss/haberler,
http://www.business-standard.com/rss/companies-101.rss,
http://www.business-standard.com/rss/economy-policy-102.rss,
http://www.business-standard.com/rss/finance-103.rss,
http://www.world-nuclear-news.org/rss.asp?fid=790,
http://rss.cnn.com/rss/money_latest.rss,
http://mtstandard.com/search/?f=rss&t=article&c=news&l=25&s=start_time&sd=desc,
http://www.cnbc.com/id/100003114/device/rss/rss.html,
https://www.rt.com/rss/,
http://www.wsws.org/en/rss.ml,
http://www.postandcourier.com/apps/pbcs.dll/section?Category=PC16&template=rss&mime=ML,
http://www.networkworld.com/category/security/inde.rss,
http://www.wired.com/category/photo/feed/,
http://www.wired.com/category/threatlevel/feed/,
http://sputniknews.com/eport/rss2/archive/inde.ml,
http://en.trend.az/feeds/inde.rss,
http://www.fonews.com/about/rss/?intcmp=hpft,
http://www.voanews.com/api/epiqq,
http://www.ft.com/rss/home/india,
http://www.economicvoice.com/feed/,
http://www.dailymail.co.uk/articles.rss,
http://www.dailymail.co.uk/news/inde.rss ,
http://feeds.abcnews.com/abcnews/topstories,
http://praguepost.com/?format=feed&type=rss,
http://theconversation.com/au/articles.atom,
http://praguemonitor.com/rss/1+11+12+13+14+19+143/feed,
http://www.radio.cz/feeds/rss/en/en.ml,
http://www.channelnewsasia.com/starterkit/servlet/cna/rss/world.ml,
http://cs.gulf-times.com/GulfTimesNewsWebsite/rss.asp?PortalName=GulfTimes&ListName=TopNewsList,
http://www.brecorder.com/rss/?feed_id=3&format=raw,
http://www.brecorder.com/rss/?feed_id=1&format=raw,
http://www.ttjonline.com/feeds/news-feed.ml,
http://www.france24.com/en/timeline/rss,
http://www.euractiv.com/rss.ml,
http://www.freshplaza.com/rss.ml,
http://www.thelocal.fr/feeds/rss.php,
http://thinkprogress.org/feed/,
http://www.rechargenews.com/rss/,
http://feeds.news24.com/articles/news24/TopStories/rss,
http://feeds.news24.com/articles/news24/World/rss,
http://www.techtimes.com/rss/archives/mostpopular.ml,
http://feeds.feedburner.com/breitbart?format=ml,
http://www.globalmeatnews.com/feed/view/583698,
http://feeds.feedburner.com/ta-news?format=ml,
http://feeds.feedburner.com/euronews/en/home?format=ml,
http://www.ml.com/pub/a/2002/12/18/dive-into-ml.html,
http://www.cbronline.com/blogs/ambrose-mcnevins-blog/rss,
http://www.cbronline.com/verticals/public-sector/rss,
http://uatoday.tv/rss,
http://www.theaustralian.com.au/help/rss,
http://www.albawaba.com/rss/news,
http://www.todayszaman.com/5.rss,
http://zdnet.com.feedsportal.com/c/35462/f/675633/inde.rss,
http://www.huffingtonpost.in/feeds/verticals/india/inde.ml,
http://www.dutchnews.nl/feed/?news,
http://www.canberratimes.com.au/rssheadlines/top.ml,
http://www.radiomagonline.com/rss,
http://feeds.feedburner.com/ArsTechnicaUk,
http://saskatoon.ctvnews.ca/rss/ctv-news-saskatoon-1.822375,
http://www.dailystar.com.lb/RSS.asp?live=1,
http://www.thestar.com/feeds.articles.news.rss,
http://feeds.feedburner.com/daily-epress-news-showbiz?format=ml,
http://ep00.epimg.net/rss/elpais/portada.ml,
http://www.euroweeklynews.com/3.0.15/inde.php/euro-weekly-news?format=feed,
http://www.weyburnreview.com/site-map,
http://www.hospitalitynet.org/news/global.ml,
http://ml.fstreet.com/news/fore-news/inde.ml,
http://www.hellenicshippingnews.com/tag/top-stories/feed/,
http://www.jewishpress.com/feed/,
http://www.thenational.ae/section/rss/1004,
http://countingpips.com/feed/,
http://www.portfolio.hu/en/rss/cikkek/all.ml,
http://hungarytoday.hu/feed,
http://bbj.hu/site/assets/rss/rss.php,
http://www.swissinfo.ch/service/eng/rssml/top-news/rss,
http://www.romania-insider.com/feed/atom/,
http://feeds.news.com.au/public/rss/2.0/news_theworld_3356.ml,
http://www.bworldonline.com/RSS/top.rss,
http://www.bloomberg.com/feed/podcast/etf-report.ml,
http://www.bloomberg.com/feed/podcast/law.ml,
http://www.streetinsider.com/Special+Reports,
http://www.rttnews.com/RSS/Todaystop.ml,
http://qz.com/feed/,
http://feeds.bizjournals.com/bizj_sanjose,
http://feeds.fonews.com/fonews/latest,
https://in.news.yahoo.com/rss/us,
https://in.news.yahoo.com/rss/india,
http://feeds.marketwatch.com/marketwatch/topstories?format=ml,
http://www.wsj.com/ml/rss/3_7085.ml,
http://ir.moodys.com/rss/prfeed.asp?iid=108462,
http://feeds.bizjournals.com/bizj_albuquerque,
http://www.autonews.com/section/syndication,
http://feeds.news.com.au/public/rss/2.0/news_theworld_3356.ml,
http://newsroom.businesswire.com/press_releases,
http://www.chinadaily.com.cn/rss/bizchina_rss.ml,
http://www.heraldandnews.com/site/rss/,
http://www.forbes.com/most-popular/feed/,
http://www.crn.com/rss/crn-feed.rss,
http://rss.nytimes.com/services/ml/rss/nyt/HomePage.ml,
http://www.ft.com/rss/home/uk,
http://www.pcworld.com/about/RSS.html,
http://news.nationalpost.com/feed/,
http://9to5mac.com/tag/rss/,
http://www.independent.co.uk/news/rss,
http://feeds.feedburner.com/telecompaper/uLYl,
http://www.winnipegfreepress.com/rss/?path=%2Fbreakingnews,
http://www.tampabay.com/feeds/rss.page?collatedTag=news&section=staffArticle&feedType=rss,
http://www.korea.net/koreanet/rss/newsfocus/business,
http://searchsecurity.techtarget.in/rss,
http://feeds.feedblitz.com/NewsRSS-NationalLawJournal,
http://www.deccanchronicle.com/rss/world/rss.ml,
http://feeds.feedburner.com/broadbandtvnews,
http://feeds.boston.com/boston/topstories,
http://feeds.bizjournals.com/bizj_tampabay,
http://www.wbrc.com/category/162901/ap-news-center?clienttype=rss,
http://www.livemint.com/rss/homepage,
http://feeds.feedburner.com/tarss,
http://www.networkworld.com/category/security/inde.rss,
http://www.businessspectator.com.au/keyword/rss,
http://www.telegraph.co.uk/rssfeeds/,
http://feeds.feedburner.com/TheGlobeAndMail-Front,
http://www.handelsblatt.com/contenteport/feed/schlagzeilen,
http://peninsulahealth.org.au/category/news/feed/,
http://europa.eu/rapid/search-result.htm?dateRange=1d&size=50&language=EN&format=RSS,
https://in.news.yahoo.com/rss/national,
http://www.forbes.com/most-popular/feed/,
http://feeds.marketwatch.com/marketwatch/topstories?format=ml,
http://www.usnews.com/rss/news,
http://rss.nytimes.com/services/ml/rss/nyt/World.ml,
http://www.scmp.com/rss/91/feed,
http://feeds.feedburner.com/TheGlobeAndMail-Front,
http://economictimes.indiatimes.com/News/rssfeeds/1715249553.cms,
http://feeds.feedburner.com/morningstar/glkd,
http://www.independent.co.uk/news/world/rss,
http://www.cityam.com/feeds/adobe-most-read.ml,
http://www.thestar.com.my/RSS/News/Nation/,
https://www.irishtimes.com/cmlink/news-1.1319192,
http://economictimes.indiatimes.com/rssfeedstopstories.cms,
http://www.conneionfrance.com/news.ml,
http://www.dailysabah.com/rss/homepage,
http://feeds.feedburner.com/SlateAudioBookClub,
http://feeds.feedburner.com/dailycaller?format=ml,
http://www.epatica.com/module/system/action/rss?type=1&ctr=47&ch=166&tag=89,
http://rss.dw.com/rdf/rss-en-all,
http://www.newsweek.com/rss,
http://www.businessspectator.com.au/keyword/rss,
http://www.basnews.com/en/feed/,
http://dnaresearch.ofordjournals.org/rss/current.ml,
http://feeds.feedburner.com/ClimateHome?format=ml,
http://feeds.feedburner.com/oilpricecom?format=ml,
http://www.typicallyspanish.com/news-spain/inde.ml,
http://www.ft.com/rss/home/india,
http://www.digitaljournal.com/rss/?feed=top_news,
http://www.thinkadvisor.com/?f=rss,
